394388,49,Birmingham  AL,AL,261175
394798,76,Little Rock  AR,AR,206975
394976,14,Phoenix  AZ,AZ,361223
395167,53,Tucson  AZ,AZ,297125
753899,2,Los Angeles-Long Beach-Anaheim  CA,CA,814725
395057,11,San Francisco  CA,CA,901738
395025,13,Riverside  CA,CA,417475
395056,17,San Diego  CA,CA,738100
395045,25,Sacramento  CA,CA,508635
395059,34,San Jose  CA,CA,1140750
394619,56,Fresno  CA,CA,339500
394357,63,Bakersfield  CA,CA,272125
394952,66,Ventura  CA,CA,731488
395134,77,Stockton  CA,CA,414250
395183,124,Vallejo  CA,CA,496250
395246,244,Yuba City  CA,CA,333223
395166,383,Truckee  CA,CA,557225
394530,21,Denver  CO,CO,521225
394484,80,Colorado Springs  CO,CO,408725
394602,159,Fort Collins  CO,CO,446940
394405,162,Boulder  CO,CO,664475
394645,177,Greeley  CO,CO,394338
395007,253,Pueblo  CO,CO,272475
394669,44,Hartford  CT,CT,298925
394415,58,Stamford  CT,CT,718750
394908,62,New Haven  CT,CT,307225
395209,7,Washington  DC,DC,490903
394856,8,Miami-Fort Lauderdale  FL,FL,399225
395148,19,Tampa  FL,FL,285223
394943,27,Orlando  FL,FL,320000
394714,40,Jacksonville  FL,FL,312498
753906,75,North Port-Sarasota-Bradenton  FL,FL,373550
394440,84,Fort Myers  FL,FL,299000
394766,88,Lakeland  FL,FL,229711
394528,90,Daytona Beach  FL,FL,286316
394995,119,Port St. Lucie  FL,FL,289525
394927,149,Ocala  FL,FL,207325
395009,251,Punta Gorda  FL,FL,278450
395153,399,The Villages  FL,FL,264600
394347,9,Atlanta  GA,GA,339500
394352,94,Augusta  GA,GA,235700
394813,189,Macon-Bibb County  GA,GA,178838
394346,220,Athens  GA,GA,300051
394623,229,Gainesville  GA,GA,364351
753924,54,Urban Honolulu  HI,HI,667000
394531,91,Des Moines  IA,IA,293625
394399,85,Boise City  ID,ID,383070
394463,3,Chicago  IL,IL,345750
394705,33,Indianapolis  IN,IN,282450
395224,82,Wichita  KS,KS,220919
394807,43,Louisville-Jefferson County  KY,KY,286100
394910,46,New Orleans  LA,LA,270450
394367,69,Baton Rouge  LA,LA,253725
394404,10,Boston  MA,MA,589725
395238,57,Worcester  MA,MA,354650
395115,83,Springfield  MA,MA,288450
394358,20,Baltimore  MD,MD,343625
394532,12,Detroit  MI,MI,263650
394640,52,Grand Rapids  MI,MI,311950
394865,16,Minneapolis-St Paul  MN,MN,376690
394586,504,Faribault  MN,MN,297150
395121,18,St. Louis  MO,MO,240425
394735,30,Kansas City  MO,MO,335938
394711,92,Jackson  MS,MS,257619
394458,24,Charlotte  NC,NC,353450
395012,48,Raleigh  NC,NC,383473
394648,73,Greensboro  NC,NC,280200
395235,81,Winston-Salem  NC,NC,279835
394549,104,Durham  NC,NC,430772
394546,343,Dunn  NC,NC,239281
394309,527,Albemarle  NC,NC,259375
394938,61,Omaha  NE,NE,323302
394312,59,Albuquerque  NM,NM,275328
394775,31,Las Vegas  NV,NV,320749
234534,1,New York  NY,NY,578225
394425,47,Buffalo  NY,NY,198200
395031,51,Rochester  NY,NY,231161
394308,60,Albany  NY,NY,248350
395143,79,Syracuse  NY,NY,190788
394466,28,Cincinnati  OH,OH,281700
394475,29,Cleveland  OH,OH,194088
394492,32,Columbus  OH,OH,320225
394521,70,Dayton  OH,OH,161923
394304,74,Akron  OH,OH,170600
395160,86,Toledo  OH,OH,178875
394935,42,Oklahoma City  OK,OK,269700
395169,55,Tulsa  OK,OK,245750
394998,23,Portland  OR,OR,489931
395048,132,Salem  OR,OR,351175
394974,5,Philadelphia  PA,PA,284700
394982,22,Pittsburgh  PA,PA,191725
394318,67,Allentown  PA,PA,244850
394666,96,Harrisburg  PA,PA,224950
395005,38,Providence  RI,RI,365700
394653,65,Greenville  SC,SC,292473
394486,72,Columbia  SC,SC,246388
394457,78,Charleston  SC,SC,423500
394902,37,Nashville  TN,TN,365925
394849,41,Memphis  TN,TN,227950
394753,64,Knoxville  TN,TN,284544
394471,172,Clarksville  TN,TN,246675
395091,641,Shelbyville  TN,TN,255938
394514,4,Dallas-Fort Worth  TX,TX,354925
394692,6,Houston  TX,TX,329320
395055,26,San Antonio  TX,TX,290975
394355,35,Austin  TX,TX,389750
394561,68,El Paso  TX,TX,190325
394843,71,McAllen  TX,TX,205314
394746,128,Killeen  TX,TX,231150
395094,331,Sherman  TX,TX,251723
394742,595,Kerrville  TX,TX,383125
395053,50,Salt Lake City  UT,UT,433550
394931,89,Ogden  UT,UT,389125
395006,100,Provo  UT,UT,385659
395194,36,Virginia Beach  VA,VA,298675
395022,45,Richmond  VA,VA,334725
395078,15,Seattle  WA,WA,639925
394862,39,Milwaukee  WI,WI,290925
394816,87,Madison  WI,WI,335225